[
    {
        "id": 5529714557080,
        "title": "Celebrate Birthdays! Lawn Display Signs",
        "handle": "birthdays-celebration-lawn-display-signs",
        "body_html": "<h2 style=\"text-align: left;\">Lawn Display Signs To Celebrate Birthdays</h2>\n<div style=\"text-align: center;\">Birthdays are a great time to order decorative yard signs. Chose a theme, to customize their display.</div>\n<div style=\"text-align: center;\">Themed displays include a name and age.</div>\n<div style=\"text-align: center;\">Birthday parades are all the rage.</div>\n<div style=\"text-align: center;\">Send them a yard greeting card to help them celebrate.</div>\n<div style=\"text-align: center;\">When it comes to birthdays, the bigger the better, Celebrate Birthdays of Loved ones, friends and family with our lawn display signs. </div>\n<div style=\"text-align: center;\"></div>\n<div style=\"text-align: center;\"></div>\n<div style=\"text-align: center;\">* Please include preferred date as well as recipients name and address in the \"Special Instructions for Seller\" section in your cart.*</div>",
        "published_at": "2020-07-23T16:15:02-04:00",
        "created_at": "2020-07-23T16:15:01-04:00",
        "updated_at": "2024-07-21T20:46:52-04:00",
        "vendor": "Celebrate By The Yard",
        "product_type": "Yard Signs ,Celebration Yard Signs,Birthday Yard signs",
        "tags": [],
        "variants": [
            {
                "id": 35695453339800,
                "title": "Cakes",
                "option1": "Cakes",
                "option2": null,
                "option3": null,
                "sku": "",
                "requires_shipping": false,
                "taxable": false,
                "featured_image": {
                    "id": 32291774988440,
                    "product_id": 5529714557080,
                    "position": 36,
                    "created_at": "2021-08-21T13:51:51-04:00",
                    "updated_at": "2021-08-21T13:51:51-04:00",
                    "alt": null,
                    "width": 4017,
                    "height": 1290,
                    "src": "https://cdn.shopify.com/s/files/1/0444/2112/0152/products/Hannah.jpg?v=1629568311",
                    "variant_ids": [
                        35695453339800
                    ]
                },
                "available": true,
                "price": "125.00",
                "grams": 0,
                "compare_at_price": null,
                "position": 1,
                "product_id": 5529714557080,
                "created_at": "2020-08-10T00:39:37-04:00",
                "updated_at": "2024-07-21T20:46:52-04:00"
            },
            {
                "id": 35695453372568,
                "title": "Pirate",
                "option1": "Pirate",
                "option2": null,
                "option3": null,
                "sku": "",
                "requires_shipping": false,
                "taxable": false,
                "featured_image": {
                    "id": 18641612570776,
                    "product_id": 5529714557080,
                    "position": 24,
                    "created_at": "2020-08-10T01:09:17-04:00",
                    "updated_at": "2021-08-21T13:48:46-04:00",
                    "alt": "Birthday Celebration Outdoor Lawn Signs",
                    "width": 4400,
                    "height": 3143,
                    "src": "https://cdn.shopify.com/s/files/1/0444/2112/0152/products/IMG_4836.jpg?v=1629568126",
                    "variant_ids": [
                        35695453372568
                    ]
                },
                "available": true,
                "price": "125.00",
                "grams": 0,
                "compare_at_price": null,
                "position": 2,
                "product_id": 5529714557080,
                "created_at": "2020-08-10T00:39:37-04:00",
                "updated_at": "2024-07-21T20:46:52-04:00"
            },
            {
                "id": 35695453405336,
                "title": "Mermaid",
                "option1": "Mermaid",
                "option2": null,
                "option3": null,
                "sku": "",
                "requires_shipping": false,
                "taxable": false,
                "featured_image": {
                    "id": 18641902633112,
                    "product_id": 5529714557080,
                    "position": 25,
                    "created_at": "2020-08-10T01:22:07-04:00",
                    "updated_at": "2021-08-21T13:48:46-04:00",
                    "alt": "Birthday Celebration Outdoor Lawn Signs",
                    "width": 5184,
                    "height": 3456,
                    "src": "https://cdn.shopify.com/s/files/1/0444/2112/0152/products/IMG_4906.jpg?v=1629568126",
                    "variant_ids": [
                        35695453405336
                    ]
                },
                "available": true,
                "price": "125.00",
                "grams": 0,
                "compare_at_price": null,
                "position": 3,
                "product_id": 5529714557080,
                "created_at": "2020-08-10T00:39:37-04:00",
                "updated_at": "2024-07-21T20:46:52-04:00"
            },
            {
                "id": 35695453438104,
                "title": "Unicorn",
                "option1": "Unicorn",
                "option2": null,
                "option3": null,
                "sku": "",
                "requires_shipping": false,
                "taxable": false,
                "featured_image": {
                    "id": 32291784687768,
                    "product_id": 5529714557080,
                    "position": 37,
                    "created_at": "2021-08-21T13:52:45-04:00",
                    "updated_at": "2021-08-21T13:52:45-04:00",
                    "alt": null,
                    "width": 4018,
                    "height": 1814,
                    "src": "https://cdn.shopify.com/s/files/1/0444/2112/0152/products/Boothe.jpg?v=1629568365",
                    "variant_ids": [
                        35695453438104
                    ]
                },
                "available": true,
                "price": "125.00",
                "grams": 0,
                "compare_at_price": null,
                "position": 4,
                "product_id": 5529714557080,
                "created_at": "2020-08-10T00:39:37-04:00",
                "updated_at": "2024-07-21T20:46:52-04:00"
            },
            {
                "id": 35695453470872,
                "title": "Cheers Beers",
                "option1": "Cheers Beers",
                "option2": null,
                "option3": null,
                "sku": "",
                "requires_shipping": false,
                "taxable": false,
                "featured_image": {
                    "id": 18666488397976,
                    "product_id": 5529714557080,
                    "position": 26,
                    "created_at": "2020-08-11T00:29:30-04:00",
                    "updated_at": "2021-08-21T13:48:46-04:00",
                    "alt": "Birthday Celebration Outdoor Lawn Signs",
                    "width": 2100,
                    "height": 1500,
                    "src": "https://cdn.shopify.com/s/files/1/0444/2112/0152/products/IMG_4947.jpg?v=1629568126",
                    "variant_ids": [
                        35695453470872
                    ]
                },
                "available": true,
                "price": "125.00",
                "grams": 0,
                "compare_at_price": null,
                "position": 5,
                "product_id": 5529714557080,
                "created_at": "2020-08-10T00:39:37-04:00",
                "updated_at": "2024-07-21T20:46:52-04:00"
            },
            {
                "id": 35695453503640,
                "title": "Tiki",
                "option1": "Tiki",
                "option2": null,
                "option3": null,
                "sku": "",
                "requires_shipping": false,
                "taxable": false,
                "featured_image": {
                    "id": 32291799761048,
                    "product_id": 5529714557080,
                    "position": 38,
                    "created_at": "2021-08-21T13:54:22-04:00",
                    "updated_at": "2021-08-21T13:54:22-04:00",
                    "alt": null,
                    "width": 634,
                    "height": 281,
                    "src": "https://cdn.shopify.com/s/files/1/0444/2112/0152/products/Dan_Tiki.jpg?v=1629568462",
                    "variant_ids": [
                        35695453503640
                    ]
                },
                "available": true,
                "price": "125.00",
                "grams": 0,
                "compare_at_price": null,
                "position": 6,
                "product_id": 5529714557080,
                "created_at": "2020-08-10T00:39:37-04:00",
                "updated_at": "2024-07-21T20:46:52-04:00"
            },
            {
                "id": 35695453536408,
                "title": "Flowers",
                "option1": "Flowers",
                "option2": null,
                "option3": null,
                "sku": "",
                "requires_shipping": false,
                "taxable": false,
                "featured_image": {
                    "id": 32291811393688,
                    "product_id": 5529714557080,
                    "position": 39,
                    "created_at": "2021-08-21T13:55:09-04:00",
                    "updated_at": "2021-08-21T13:55:09-04:00",
                    "alt": null,
                    "width": 1831,
                    "height": 572,
                    "src": "https://cdn.shopify.com/s/files/1/0444/2112/0152/products/IMG_4775_2_78fdb44e-7fad-450e-8f92-f22bdcd3e813.jpg?v=1629568509",
                    "variant_ids": [
                        35695453536408
                    ]
                },
                "available": true,
                "price": "125.00",
                "grams": 0,
                "compare_at_price": null,
                "position": 7,
                "product_id": 5529714557080,
                "created_at": "2020-08-10T00:39:37-04:00",
                "updated_at": "2024-07-21T20:46:52-04:00"
            },
            {
                "id": 35695453601944,
                "title": "Flamingos",
                "option1": "Flamingos",
                "option2": null,
                "option3": null,
                "sku": "",
                "requires_shipping": false,
                "taxable": false,
                "featured_image": {
                    "id": 20854904324248,
                    "product_id": 5529714557080,
                    "position": 19,
                    "created_at": "2020-10-12T12:40:57-04:00",
                    "updated_at": "2021-08-21T13:50:33-04:00",
                    "alt": "Birthday Celebration Outdoor Lawn Signs",
                    "width": 3644,
                    "height": 2007,
                    "src": "https://cdn.shopify.com/s/files/1/0444/2112/0152/products/image0.jpg?v=1629568233",
                    "variant_ids": [
                        35695453601944
                    ]
                },
                "available": true,
                "price": "125.00",
                "grams": 0,
                "compare_at_price": null,
                "position": 8,
                "product_id": 5529714557080,
                "created_at": "2020-08-10T00:39:37-04:00",
                "updated_at": "2024-07-21T20:46:52-04:00"
            },
            {
                "id": 35695453667480,
                "title": "Beach",
                "option1": "Beach",
                "option2": null,
                "option3": null,
                "sku": "",
                "requires_shipping": false,
                "taxable": false,
                "featured_image": {
                    "id": 32291448848536,
                    "product_id": 5529714557080,
                    "position": 5,
                    "created_at": "2021-08-21T13:43:14-04:00",
                    "updated_at": "2021-08-21T13:51:51-04:00",
                    "alt": null,
                    "width": 750,
                    "height": 187,
                    "src": "https://cdn.shopify.com/s/files/1/0444/2112/0152/products/James.jpg?v=1629568311",
                    "variant_ids": [
                        35695453667480
                    ]
                },
                "available": true,
                "price": "125.00",
                "grams": 0,
                "compare_at_price": null,
                "position": 9,
                "product_id": 5529714557080,
                "created_at": "2020-08-10T00:39:37-04:00",
                "updated_at": "2024-07-21T20:46:52-04:00"
            },
            {
                "id": 35695453700248,
                "title": "Sunshine and Rainbows",
                "option1": "Sunshine and Rainbows",
                "option2": null,
                "option3": null,
                "sku": "",
                "requires_shipping": false,
                "taxable": false,
                "featured_image": {
                    "id": 32291454648472,
                    "product_id": 5529714557080,
                    "position": 6,
                    "created_at": "2021-08-21T13:43:23-04:00",
                    "updated_at": "2021-08-21T13:51:51-04:00",
                    "alt": null,
                    "width": 1760,
                    "height": 532,
                    "src": "https://cdn.shopify.com/s/files/1/0444/2112/0152/products/Matteo.jpg?v=1629568311",
                    "variant_ids": [
                        35695453700248
                    ]
                },
                "available": true,
                "price": "125.00",
                "grams": 0,
                "compare_at_price": null,
                "position": 10,
                "product_id": 5529714557080,
                "created_at": "2020-08-10T00:39:37-04:00",
                "updated_at": "2024-07-21T20:46:52-04:00"
            },
            {
                "id": 35695807496344,
                "title": "Race Car",
                "option1": "Race Car",
                "option2": null,
                "option3": null,
                "sku": "",
                "requires_shipping": false,
                "taxable": false,
                "featured_image": {
                    "id": 18641733877912,
                    "product_id": 5529714557080,
                    "position": 9,
                    "created_at": "2020-08-10T01:14:30-04:00",
                    "updated_at": "2021-08-21T13:50:33-04:00",
                    "alt": "Birthday Celebration Outdoor Lawn Signs",
                    "width": 2100,
                    "height": 1500,
                    "src": "https://cdn.shopify.com/s/files/1/0444/2112/0152/products/IMG_4929.jpg?v=1629568233",
                    "variant_ids": [
                        35695807496344
                    ]
                },
                "available": true,
                "price": "125.00",
                "grams": 0,
                "compare_at_price": null,
                "position": 11,
                "product_id": 5529714557080,
                "created_at": "2020-08-10T01:16:31-04:00",
                "updated_at": "2024-07-21T20:46:52-04:00"
            },
            {
                "id": 37075051806872,
                "title": "Princess",
                "option1": "Princess",
                "option2": null,
                "option3": null,
                "sku": "",
                "requires_shipping": false,
                "taxable": false,
                "featured_image": {
                    "id": 21764223434904,
                    "product_id": 5529714557080,
                    "position": 29,
                    "created_at": "2020-10-26T00:06:52-04:00",
                    "updated_at": "2021-08-21T13:48:46-04:00",
                    "alt": "Birthday Celebration Outdoor Lawn Signs",
                    "width": 3863,
                    "height": 1904,
                    "src": "https://cdn.shopify.com/s/files/1/0444/2112/0152/products/Princess_Aubrey.jpg?v=1629568126",
                    "variant_ids": [
                        37075051806872
                    ]
                },
                "available": true,
                "price": "125.00",
                "grams": 0,
                "compare_at_price": null,
                "position": 12,
                "product_id": 5529714557080,
                "created_at": "2020-10-26T00:07:04-04:00",
                "updated_at": "2024-07-21T20:46:52-04:00"
            },
            {
                "id": 37075073630360,
                "title": "Baby",
                "option1": "Baby",
                "option2": null,
                "option3": null,
                "sku": "",
                "requires_shipping": false,
                "taxable": false,
                "featured_image": {
                    "id": 32292017701016,
                    "product_id": 5529714557080,
                    "position": 41,
                    "created_at": "2021-08-21T14:01:44-04:00",
                    "updated_at": "2021-08-21T14:01:44-04:00",
                    "alt": null,
                    "width": 973,
                    "height": 344,
                    "src": "https://cdn.shopify.com/s/files/1/0444/2112/0152/products/colton.jpg?v=1629568904",
                    "variant_ids": [
                        37075073630360
                    ]
                },
                "available": true,
                "price": "125.00",
                "grams": 0,
                "compare_at_price": null,
                "position": 13,
                "product_id": 5529714557080,
                "created_at": "2020-10-26T00:09:03-04:00",
                "updated_at": "2024-07-21T20:46:52-04:00"
            }
        ],
        "images": [
            {
                "id": 32291485745304,
                "created_at": "2021-08-21T13:44:12-04:00",
                "position": 1,
                "updated_at": "2021-08-21T13:51:51-04:00",
                "product_id": 5529714557080,
                "variant_ids": [],
                "src": "https://cdn.shopify.com/s/files/1/0444/2112/0152/products/Brandon.jpg?v=1629568311",
                "width": 1711,
                "height": 880
            },
            {
                "id": 32291474833560,
                "created_at": "2021-08-21T13:43:55-04:00",
                "position": 2,
                "updated_at": "2021-08-21T13:51:51-04:00",
                "product_id": 5529714557080,
                "variant_ids": [],
                "src": "https://cdn.shopify.com/s/files/1/0444/2112/0152/products/IMG_4775_2.jpg?v=1629568311",
                "width": 1831,
                "height": 572
            },
            {
                "id": 21761676214424,
                "created_at": "2020-10-25T23:33:04-04:00",
                "position": 3,
                "updated_at": "2021-08-21T13:50:33-04:00",
                "product_id": 5529714557080,
                "variant_ids": [],
                "src": "https://cdn.shopify.com/s/files/1/0444/2112/0152/products/HbDTatiana.jpg?v=1629568233",
                "width": 872,
                "height": 456
            },
            {
                "id": 32291465265304,
                "created_at": "2021-08-21T13:43:38-04:00",
                "position": 4,
                "updated_at": "2021-08-21T13:51:51-04:00",
                "product_id": 5529714557080,
                "variant_ids": [],
                "src": "https://cdn.shopify.com/s/files/1/0444/2112/0152/products/Joel.jpg?v=1629568311",
                "width": 3790,
                "height": 1107
            },
            {
                "id": 32291448848536,
                "created_at": "2021-08-21T13:43:14-04:00",
                "position": 5,
                "updated_at": "2021-08-21T13:51:51-04:00",
                "product_id": 5529714557080,
                "variant_ids": [
                    35695453667480
                ],
                "src": "https://cdn.shopify.com/s/files/1/0444/2112/0152/products/James.jpg?v=1629568311",
                "width": 750,
                "height": 187
            },
            {
                "id": 32291454648472,
                "created_at": "2021-08-21T13:43:23-04:00",
                "position": 6,
                "updated_at": "2021-08-21T13:51:51-04:00",
                "product_id": 5529714557080,
                "variant_ids": [
                    35695453700248
                ],
                "src": "https://cdn.shopify.com/s/files/1/0444/2112/0152/products/Matteo.jpg?v=1629568311",
                "width": 1760,
                "height": 532
            },
            {
                "id": 21761697284248,
                "created_at": "2020-10-25T23:33:21-04:00",
                "position": 7,
                "updated_at": "2021-08-21T13:50:33-04:00",
                "product_id": 5529714557080,
                "variant_ids": [],
                "src": "https://cdn.shopify.com/s/files/1/0444/2112/0152/products/HBDWes.jpg?v=1629568233",
                "width": 4032,
                "height": 3024
            },
            {
                "id": 20854841835672,
                "created_at": "2020-10-12T12:39:39-04:00",
                "position": 8,
                "updated_at": "2021-08-21T13:50:33-04:00",
                "product_id": 5529714557080,
                "variant_ids": [],
                "src": "https://cdn.shopify.com/s/files/1/0444/2112/0152/products/doug.jpg?v=1629568233",
                "width": 4024,
                "height": 1627
            },
            {
                "id": 18641733877912,
                "created_at": "2020-08-10T01:14:30-04:00",
                "position": 9,
                "updated_at": "2021-08-21T13:50:33-04:00",
                "product_id": 5529714557080,
                "variant_ids": [
                    35695807496344
                ],
                "src": "https://cdn.shopify.com/s/files/1/0444/2112/0152/products/IMG_4929.jpg?v=1629568233",
                "width": 2100,
                "height": 1500
            },
            {
                "id": 21761647181976,
                "created_at": "2020-10-25T23:32:42-04:00",
                "position": 10,
                "updated_at": "2021-08-21T13:50:33-04:00",
                "product_id": 5529714557080,
                "variant_ids": [],
                "src": "https://cdn.shopify.com/s/files/1/0444/2112/0152/products/Amiyah.jpg?v=1629568233",
                "width": 3460,
                "height": 2510
            },
            {
                "id": 21761897136280,
                "created_at": "2020-10-25T23:35:53-04:00",
                "position": 11,
                "updated_at": "2021-08-21T13:50:33-04:00",
                "product_id": 5529714557080,
                "variant_ids": [],
                "src": "https://cdn.shopify.com/s/files/1/0444/2112/0152/products/PrincessAubrey.jpg?v=1629568233",
                "width": 3863,
                "height": 1904
            },
            {
                "id": 20854911860888,
                "created_at": "2020-10-12T12:41:10-04:00",
                "position": 12,
                "updated_at": "2021-08-21T13:50:33-04:00",
                "product_id": 5529714557080,
                "variant_ids": [],
                "src": "https://cdn.shopify.com/s/files/1/0444/2112/0152/products/image3.jpg?v=1629568233",
                "width": 3883,
                "height": 1803
            },
            {
                "id": 20854820798616,
                "created_at": "2020-10-12T12:39:13-04:00",
                "position": 13,
                "updated_at": "2021-08-21T13:50:33-04:00",
                "product_id": 5529714557080,
                "variant_ids": [],
                "src": "https://cdn.shopify.com/s/files/1/0444/2112/0152/products/Lukas1.jpg?v=1629568233",
                "width": 4030,
                "height": 1649
            },
            {
                "id": 20854852812952,
                "created_at": "2020-10-12T12:39:52-04:00",
                "position": 14,
                "updated_at": "2021-08-21T13:50:33-04:00",
                "product_id": 5529714557080,
                "variant_ids": [],
                "src": "https://cdn.shopify.com/s/files/1/0444/2112/0152/products/sabrina.jpg?v=1629568233",
                "width": 3892,
                "height": 1578
            },
            {
                "id": 19281846108312,
                "created_at": "2020-09-08T14:05:26-04:00",
                "position": 15,
                "updated_at": "2021-08-21T13:50:33-04:00",
                "product_id": 5529714557080,
                "variant_ids": [],
                "src": "https://cdn.shopify.com/s/files/1/0444/2112/0152/products/Davidbeerbday.jpg?v=1629568233",
                "width": 1834,
                "height": 792
            },
            {
                "id": 20854870671512,
                "created_at": "2020-10-12T12:40:14-04:00",
                "position": 16,
                "updated_at": "2021-08-21T13:50:33-04:00",
                "product_id": 5529714557080,
                "variant_ids": [],
                "src": "https://cdn.shopify.com/s/files/1/0444/2112/0152/products/serena.jpg?v=1629568233",
                "width": 3841,
                "height": 2175
            },
            {
                "id": 18762371891352,
                "created_at": "2020-08-14T23:36:48-04:00",
                "position": 17,
                "updated_at": "2021-08-21T13:50:33-04:00",
                "product_id": 5529714557080,
                "variant_ids": [],
                "src": "https://cdn.shopify.com/s/files/1/0444/2112/0152/products/IMG_5004.jpg?v=1629568233",
                "width": 2100,
                "height": 1500
            },
            {
                "id": 18641064722584,
                "created_at": "2020-08-10T00:15:34-04:00",
                "position": 18,
                "updated_at": "2021-08-21T13:50:33-04:00",
                "product_id": 5529714557080,
                "variant_ids": [],
                "src": "https://cdn.shopify.com/s/files/1/0444/2112/0152/products/IMG_4930.jpg?v=1629568233",
                "width": 4400,
                "height": 3128
            },
            {
                "id": 20854904324248,
                "created_at": "2020-10-12T12:40:57-04:00",
                "position": 19,
                "updated_at": "2021-08-21T13:50:33-04:00",
                "product_id": 5529714557080,
                "variant_ids": [
                    35695453601944
                ],
                "src": "https://cdn.shopify.com/s/files/1/0444/2112/0152/products/image0.jpg?v=1629568233",
                "width": 3644,
                "height": 2007
            },
            {
                "id": 18762369564824,
                "created_at": "2020-08-14T23:36:28-04:00",
                "position": 20,
                "updated_at": "2021-08-21T13:50:33-04:00",
                "product_id": 5529714557080,
                "variant_ids": [],
                "src": "https://cdn.shopify.com/s/files/1/0444/2112/0152/products/IMG_4982.jpg?v=1629568233",
                "width": 5184,
                "height": 3456
            },
            {
                "id": 20854861430936,
                "created_at": "2020-10-12T12:40:03-04:00",
                "position": 21,
                "updated_at": "2021-08-21T13:50:33-04:00",
                "product_id": 5529714557080,
                "variant_ids": [],
                "src": "https://cdn.shopify.com/s/files/1/0444/2112/0152/products/kathleen.jpg?v=1629568233",
                "width": 3932,
                "height": 1816
            },
            {
                "id": 20854830629016,
                "created_at": "2020-10-12T12:39:25-04:00",
                "position": 22,
                "updated_at": "2021-08-21T13:50:33-04:00",
                "product_id": 5529714557080,
                "variant_ids": [],
                "src": "https://cdn.shopify.com/s/files/1/0444/2112/0152/products/jennifer.jpg?v=1629568233",
                "width": 3835,
                "height": 1296
            },
            {
                "id": 18641064820888,
                "created_at": "2020-08-10T00:15:34-04:00",
                "position": 23,
                "updated_at": "2021-08-21T13:48:46-04:00",
                "product_id": 5529714557080,
                "variant_ids": [],
                "src": "https://cdn.shopify.com/s/files/1/0444/2112/0152/products/IMG_4939.jpg?v=1629568126",
                "width": 5184,
                "height": 3456
            },
            {
                "id": 18641612570776,
                "created_at": "2020-08-10T01:09:17-04:00",
                "position": 24,
                "updated_at": "2021-08-21T13:48:46-04:00",
                "product_id": 5529714557080,
                "variant_ids": [
                    35695453372568
                ],
                "src": "https://cdn.shopify.com/s/files/1/0444/2112/0152/products/IMG_4836.jpg?v=1629568126",
                "width": 4400,
                "height": 3143
            },
            {
                "id": 18641902633112,
                "created_at": "2020-08-10T01:22:07-04:00",
                "position": 25,
                "updated_at": "2021-08-21T13:48:46-04:00",
                "product_id": 5529714557080,
                "variant_ids": [
                    35695453405336
                ],
                "src": "https://cdn.shopify.com/s/files/1/0444/2112/0152/products/IMG_4906.jpg?v=1629568126",
                "width": 5184,
                "height": 3456
            },
            {
                "id": 18666488397976,
                "created_at": "2020-08-11T00:29:30-04:00",
                "position": 26,
                "updated_at": "2021-08-21T13:48:46-04:00",
                "product_id": 5529714557080,
                "variant_ids": [
                    35695453470872
                ],
                "src": "https://cdn.shopify.com/s/files/1/0444/2112/0152/products/IMG_4947.jpg?v=1629568126",
                "width": 2100,
                "height": 1500
            },
            {
                "id": 18666494623896,
                "created_at": "2020-08-11T00:29:59-04:00",
                "position": 27,
                "updated_at": "2021-08-21T13:48:46-04:00",
                "product_id": 5529714557080,
                "variant_ids": [],
                "src": "https://cdn.shopify.com/s/files/1/0444/2112/0152/products/IMG_4942.jpg?v=1629568126",
                "width": 2100,
                "height": 1500
            },
            {
                "id": 19281986551960,
                "created_at": "2020-09-08T14:11:48-04:00",
                "position": 28,
                "updated_at": "2021-08-21T13:48:46-04:00",
                "product_id": 5529714557080,
                "variant_ids": [],
                "src": "https://cdn.shopify.com/s/files/1/0444/2112/0152/products/Wendybdayhappybdaymom.jpg?v=1629568126",
                "width": 1891,
                "height": 710
            },
            {
                "id": 21764223434904,
                "created_at": "2020-10-26T00:06:52-04:00",
                "position": 29,
                "updated_at": "2021-08-21T13:48:46-04:00",
                "product_id": 5529714557080,
                "variant_ids": [
                    37075051806872
                ],
                "src": "https://cdn.shopify.com/s/files/1/0444/2112/0152/products/Princess_Aubrey.jpg?v=1629568126",
                "width": 3863,
                "height": 1904
            },
            {
                "id": 21764363780248,
                "created_at": "2020-10-26T00:08:43-04:00",
                "position": 30,
                "updated_at": "2021-08-21T13:48:46-04:00",
                "product_id": 5529714557080,
                "variant_ids": [],
                "src": "https://cdn.shopify.com/s/files/1/0444/2112/0152/products/sugar_and_spice.jpg?v=1629568126",
                "width": 3726,
                "height": 1454
            },
            {
                "id": 25852026585240,
                "created_at": "2021-01-28T14:24:27-05:00",
                "position": 31,
                "updated_at": "2021-08-21T13:48:46-04:00",
                "product_id": 5529714557080,
                "variant_ids": [],
                "src": "https://cdn.shopify.com/s/files/1/0444/2112/0152/products/IMG_2728.jpg?v=1629568126",
                "width": 4032,
                "height": 3024
            },
            {
                "id": 25852038578328,
                "created_at": "2021-01-28T14:25:39-05:00",
                "position": 32,
                "updated_at": "2021-08-21T13:48:46-04:00",
                "product_id": 5529714557080,
                "variant_ids": [],
                "src": "https://cdn.shopify.com/s/files/1/0444/2112/0152/products/IMG_E3032.jpg?v=1629568126",
                "width": 4030,
                "height": 2688
            },
            {
                "id": 25852041789592,
                "created_at": "2021-01-28T14:25:59-05:00",
                "position": 33,
                "updated_at": "2021-08-21T13:48:46-04:00",
                "product_id": 5529714557080,
                "variant_ids": [],
                "src": "https://cdn.shopify.com/s/files/1/0444/2112/0152/products/IMG_E3036.jpg?v=1629568126",
                "width": 4013,
                "height": 2625
            },
            {
                "id": 25852064891032,
                "created_at": "2021-01-28T14:26:46-05:00",
                "position": 34,
                "updated_at": "2021-08-21T13:48:46-04:00",
                "product_id": 5529714557080,
                "variant_ids": [],
                "src": "https://cdn.shopify.com/s/files/1/0444/2112/0152/products/IMG_E2064.jpg?v=1629568126",
                "width": 3892,
                "height": 1578
            },
            {
                "id": 25852094415000,
                "created_at": "2021-01-28T14:27:49-05:00",
                "position": 35,
                "updated_at": "2021-08-21T13:48:46-04:00",
                "product_id": 5529714557080,
                "variant_ids": [],
                "src": "https://cdn.shopify.com/s/files/1/0444/2112/0152/products/IMG_1997.jpg?v=1629568126",
                "width": 4032,
                "height": 3024
            },
            {
                "id": 32291774988440,
                "created_at": "2021-08-21T13:51:51-04:00",
                "position": 36,
                "updated_at": "2021-08-21T13:51:51-04:00",
                "product_id": 5529714557080,
                "variant_ids": [
                    35695453339800
                ],
                "src": "https://cdn.shopify.com/s/files/1/0444/2112/0152/products/Hannah.jpg?v=1629568311",
                "width": 4017,
                "height": 1290
            },
            {
                "id": 32291784687768,
                "created_at": "2021-08-21T13:52:45-04:00",
                "position": 37,
                "updated_at": "2021-08-21T13:52:45-04:00",
                "product_id": 5529714557080,
                "variant_ids": [
                    35695453438104
                ],
                "src": "https://cdn.shopify.com/s/files/1/0444/2112/0152/products/Boothe.jpg?v=1629568365",
                "width": 4018,
                "height": 1814
            },
            {
                "id": 32291799761048,
                "created_at": "2021-08-21T13:54:22-04:00",
                "position": 38,
                "updated_at": "2021-08-21T13:54:22-04:00",
                "product_id": 5529714557080,
                "variant_ids": [
                    35695453503640
                ],
                "src": "https://cdn.shopify.com/s/files/1/0444/2112/0152/products/Dan_Tiki.jpg?v=1629568462",
                "width": 634,
                "height": 281
            },
            {
                "id": 32291811393688,
                "created_at": "2021-08-21T13:55:09-04:00",
                "position": 39,
                "updated_at": "2021-08-21T13:55:09-04:00",
                "product_id": 5529714557080,
                "variant_ids": [
                    35695453536408
                ],
                "src": "https://cdn.shopify.com/s/files/1/0444/2112/0152/products/IMG_4775_2_78fdb44e-7fad-450e-8f92-f22bdcd3e813.jpg?v=1629568509",
                "width": 1831,
                "height": 572
            },
            {
                "id": 32291976183960,
                "created_at": "2021-08-21T14:00:57-04:00",
                "position": 40,
                "updated_at": "2021-08-21T14:00:57-04:00",
                "product_id": 5529714557080,
                "variant_ids": [],
                "src": "https://cdn.shopify.com/s/files/1/0444/2112/0152/products/IMG_2334.jpg?v=1629568857",
                "width": 1600,
                "height": 1200
            },
            {
                "id": 32292017701016,
                "created_at": "2021-08-21T14:01:44-04:00",
                "position": 41,
                "updated_at": "2021-08-21T14:01:44-04:00",
                "product_id": 5529714557080,
                "variant_ids": [
                    37075073630360
                ],
                "src": "https://cdn.shopify.com/s/files/1/0444/2112/0152/products/colton.jpg?v=1629568904",
                "width": 973,
                "height": 344
            }
        ],
        "options": [
            {
                "name": "Style",
                "position": 1,
                "values": [
                    "Cakes",
                    "Pirate",
                    "Mermaid",
                    "Unicorn",
                    "Cheers Beers",
                    "Tiki",
                    "Flowers",
                    "Flamingos",
                    "Beach",
                    "Sunshine and Rainbows",
                    "Race Car",
                    "Princess",
                    "Baby"
                ]
            }
        ],
        "content": "celebrate birthdays! lawn display signs yard signs ,celebration yard signs,birthday yard signs lawn display signs to celebrate birthdays birthdays are a great time to order decorative yard signs. chose a theme, to customize their display. themed displays include a name and age. birthday parades are all the rage. send them a yard greeting card to help them celebrate. when it comes to birthdays, the bigger the better, celebrate birthdays of loved ones, friends and family with our lawn display signs.  * please include preferred date as well as recipients name and address in the \"special instructions for seller\" section in your cart.* cakes, pirate, mermaid, unicorn, cheers beers, tiki, flowers, flamingos, beach, sunshine and rainbows, race car, princess, babybaby",
        "product_url": "https://celebratebytheyard.gift/products/birthdays-celebration-lawn-display-signs",
        "agent_timestamp": "2024-07-22T01:57:42.140145+01:00",
        "base_target": "https://celebratebytheyard.gift"
    },
    {
        "id": 5529748471960,
        "title": "Custom Lawn & Yard Celebratory Signs: Let me customize",
        "handle": "customized-lawn-garden-signs",
        "body_html": "<h2 style=\"text-align: left;\">Customised Lawn &amp; Yard Celebratory Signs for All Your Big Events</h2>\n<div style=\"text-align: center;\">Let me create a large display ,that really says, we have a big event to celebrate.</div>\n<div style=\"text-align: center;\"></div>\n<div style=\"text-align: center;\">Got a big event to celebrate? Do so with a customised big lawn sign. </div>\n<div style=\"text-align: center;\"></div>\n<div style=\"text-align: center;\"></div>\n<div style=\"text-align: center;\"></div>\n<div style=\"text-align: center;\">* Please include preferred date as well as recipients name and address in the \"Special Instructions for Seller\" section in your cart.*</div>",
        "published_at": "2020-07-23T16:20:17-04:00",
        "created_at": "2020-07-23T16:20:16-04:00",
        "updated_at": "2024-07-21T20:46:52-04:00",
        "vendor": "Celebrate By The Yard",
        "product_type": "",
        "tags": [],
        "variants": [
            {
                "id": 35408957145240,
                "title": "Default Title",
                "option1": "Default Title",
                "option2": null,
                "option3": null,
                "sku": "",
                "requires_shipping": false,
                "taxable": false,
                "featured_image": null,
                "available": true,
                "price": "150.00",
                "grams": 0,
                "compare_at_price": null,
                "position": 1,
                "product_id": 5529748471960,
                "created_at": "2020-07-23T16:20:16-04:00",
                "updated_at": "2024-07-21T20:46:52-04:00"
            }
        ],
        "images": [
            {
                "id": 21765758484632,
                "created_at": "2020-10-26T00:24:26-04:00",
                "position": 1,
                "updated_at": "2021-07-09T09:49:14-04:00",
                "product_id": 5529748471960,
                "variant_ids": [],
                "src": "https://cdn.shopify.com/s/files/1/0444/2112/0152/products/WesandRebecca.jpg?v=1625838554",
                "width": 2049,
                "height": 1537
            },
            {
                "id": 18762395844760,
                "created_at": "2020-08-14T23:39:51-04:00",
                "position": 2,
                "updated_at": "2021-07-09T09:49:45-04:00",
                "product_id": 5529748471960,
                "variant_ids": [],
                "src": "https://cdn.shopify.com/s/files/1/0444/2112/0152/products/IMG_5022-2.jpg?v=1625838585",
                "width": 4400,
                "height": 2933
            },
            {
                "id": 21765086576792,
                "created_at": "2020-10-26T00:17:09-04:00",
                "position": 3,
                "updated_at": "2021-07-09T09:50:54-04:00",
                "product_id": 5529748471960,
                "variant_ids": [],
                "src": "https://cdn.shopify.com/s/files/1/0444/2112/0152/products/Westilldo_b2b4ae34-99d0-4811-a273-65a64051fe23.jpg?v=1625838654",
                "width": 1477,
                "height": 695
            },
            {
                "id": 21765776408728,
                "created_at": "2020-10-26T00:24:36-04:00",
                "position": 4,
                "updated_at": "2021-07-09T09:51:11-04:00",
                "product_id": 5529748471960,
                "variant_ids": [],
                "src": "https://cdn.shopify.com/s/files/1/0444/2112/0152/products/RebeccaandWes.jpg?v=1625838671",
                "width": 2049,
                "height": 1537
            },
            {
                "id": 21765802229912,
                "created_at": "2020-10-26T00:24:55-04:00",
                "position": 5,
                "updated_at": "2021-07-09T09:51:30-04:00",
                "product_id": 5529748471960,
                "variant_ids": [],
                "src": "https://cdn.shopify.com/s/files/1/0444/2112/0152/products/Characters.jpg?v=1625838690",
                "width": 4032,
                "height": 3024
            },
            {
                "id": 21765989269656,
                "created_at": "2020-10-26T00:27:03-04:00",
                "position": 6,
                "updated_at": "2021-07-09T09:51:44-04:00",
                "product_id": 5529748471960,
                "variant_ids": [],
                "src": "https://cdn.shopify.com/s/files/1/0444/2112/0152/products/HappyTogether_28991a2f-e499-4bd4-9740-9bcfcc936031.jpg?v=1625838704",
                "width": 1402,
                "height": 589
            }
        ],
        "options": [
            {
                "name": "Title",
                "position": 1,
                "values": [
                    "Default Title"
                ]
            }
        ],
        "content": "custom lawn &amp; yard celebratory signs: let me customize customised lawn &amp; yard celebratory signs for all your big events let me create a large display ,that really says, we have a big event to celebrate. got a big event to celebrate? do so with a customised big lawn sign.  * please include preferred date as well as recipients name and address in the \"special instructions for seller\" section in your cart.*",
        "product_url": "https://celebratebytheyard.gift/products/customized-lawn-garden-signs",
        "agent_timestamp": "2024-07-22T01:57:42.140903+01:00",
        "base_target": "https://celebratebytheyard.gift"
    },
    {
        "id": 5529733693592,
        "title": "Retirement Celebration Yard Sign",
        "handle": "retirement-celebration-yard-sign",
        "body_html": "<h2>Celebrate A Life Milestone With A Fun Yard Sign</h2>\n<p>Help your someone special celebrate a milestone in life. Send them a retirement display, and send them a smile.</p>\n<p>Celebrate life's moments with fun and creative yard lawn signs. Outdoor yard signs for your special moments. </p>\n<p style=\"text-align: center;\">* Please include preferred date as well as recipients name and address in the \"Special Instructions for Seller\" section in your cart.*</p>",
        "published_at": "2020-07-23T16:17:57-04:00",
        "created_at": "2020-07-23T16:17:56-04:00",
        "updated_at": "2024-07-21T20:46:52-04:00",
        "vendor": "Celebrate By The Yard",
        "product_type": "",
        "tags": [],
        "variants": [
            {
                "id": 35408928407704,
                "title": "Default Title",
                "option1": "Default Title",
                "option2": null,
                "option3": null,
                "sku": "",
                "requires_shipping": false,
                "taxable": false,
                "featured_image": null,
                "available": true,
                "price": "125.00",
                "grams": 0,
                "compare_at_price": null,
                "position": 1,
                "product_id": 5529733693592,
                "created_at": "2020-07-23T16:17:56-04:00",
                "updated_at": "2024-07-21T20:46:52-04:00"
            }
        ],
        "images": [
            {
                "id": 32292094410904,
                "created_at": "2021-08-21T14:03:59-04:00",
                "position": 1,
                "updated_at": "2021-08-21T14:05:47-04:00",
                "product_id": 5529733693592,
                "variant_ids": [],
                "src": "https://cdn.shopify.com/s/files/1/0444/2112/0152/products/Tom.jpg?v=1629569147",
                "width": 4030,
                "height": 1835
            },
            {
                "id": 18762304356504,
                "created_at": "2020-08-14T23:29:50-04:00",
                "position": 2,
                "updated_at": "2021-08-21T14:05:47-04:00",
                "product_id": 5529733693592,
                "variant_ids": [],
                "src": "https://cdn.shopify.com/s/files/1/0444/2112/0152/products/IMG_4988.jpg?v=1629569147",
                "width": 2100,
                "height": 1500
            },
            {
                "id": 18762307174552,
                "created_at": "2020-08-14T23:30:10-04:00",
                "position": 3,
                "updated_at": "2021-08-21T14:05:47-04:00",
                "product_id": 5529733693592,
                "variant_ids": [],
                "src": "https://cdn.shopify.com/s/files/1/0444/2112/0152/products/IMG_4991.jpg?v=1629569147",
                "width": 2100,
                "height": 1500
            },
            {
                "id": 18762312876184,
                "created_at": "2020-08-14T23:30:39-04:00",
                "position": 4,
                "updated_at": "2021-08-21T14:05:47-04:00",
                "product_id": 5529733693592,
                "variant_ids": [],
                "src": "https://cdn.shopify.com/s/files/1/0444/2112/0152/products/IMG_4994.jpg?v=1629569147",
                "width": 2100,
                "height": 1500
            },
            {
                "id": 32292173775000,
                "created_at": "2021-08-21T14:06:34-04:00",
                "position": 5,
                "updated_at": "2021-08-21T14:06:34-04:00",
                "product_id": 5529733693592,
                "variant_ids": [],
                "src": "https://cdn.shopify.com/s/files/1/0444/2112/0152/products/Paradise.jpg?v=1629569194",
                "width": 3983,
                "height": 1391
            }
        ],
        "options": [
            {
                "name": "Title",
                "position": 1,
                "values": [
                    "Default Title"
                ]
            }
        ],
        "content": "retirement celebration yard sign celebrate a life milestone with a fun yard sign help your someone special celebrate a milestone in life. send them a retirement display, and send them a smile. celebrate life's moments with fun and creative yard lawn signs. outdoor yard signs for your special moments.  please include preferred date as well as recipients name and address in the \"special instructions for seller\" section in your cart.*",
        "product_url": "https://celebratebytheyard.gift/products/retirement-celebration-yard-sign",
        "agent_timestamp": "2024-07-22T01:57:42.141442+01:00",
        "base_target": "https://celebratebytheyard.gift"
    },
    {
        "id": 5529729728664,
        "title": "Wedding / Anniversary Yard Lawn Signs",
        "handle": "anniversary-yard-lawn-signs",
        "body_html": "<h2 style=\"text-align: left;\">Celebrate Love With A Lawn Yard Sign</h2>\n<div style=\"text-align: center;\">Let them know you are thinking of them. Send them a smile to help them celebrate their Anniversary. Tell others your love story. \"Just married, 25 Years Ago\".<br>\n</div>\n<div style=\"text-align: center;\">Proposals, Congratulations on your engagement, She said, Yes? He said, Yes? Let me customize something special for your \"I Do\" moment.</div>\n<div style=\"text-align: center;\"></div>\n<div style=\"text-align: center;\">Celebrate your wedding or anniversary moments with a fun and creative yard lawn sign. Outdoor yard signs for your special moments. </div>\n<div style=\"text-align: center;\"></div>\n<div style=\"text-align: center;\"></div>\n<div style=\"text-align: center;\"></div>\n<div style=\"text-align: center;\">* Please include preferred date as well as recipients name and address in the \"Special Instructions for Seller\" section in your cart.*</div>",
        "published_at": "2020-07-23T16:17:27-04:00",
        "created_at": "2020-07-23T16:17:25-04:00",
        "updated_at": "2024-07-21T20:46:52-04:00",
        "vendor": "Celebrate By The Yard",
        "product_type": "",
        "tags": [],
        "variants": [
            {
                "id": 35408922149016,
                "title": "Default Title",
                "option1": "Default Title",
                "option2": null,
                "option3": null,
                "sku": "",
                "requires_shipping": false,
                "taxable": false,
                "featured_image": null,
                "available": true,
                "price": "125.00",
                "grams": 0,
                "compare_at_price": null,
                "position": 1,
                "product_id": 5529729728664,
                "created_at": "2020-07-23T16:17:25-04:00",
                "updated_at": "2024-07-21T20:46:52-04:00"
            }
        ],
        "images": [
            {
                "id": 20854381936792,
                "created_at": "2020-10-12T12:29:19-04:00",
                "position": 1,
                "updated_at": "2021-07-09T08:46:38-04:00",
                "product_id": 5529729728664,
                "variant_ids": [],
                "src": "https://cdn.shopify.com/s/files/1/0444/2112/0152/products/Westilldo.jpg?v=1625834798",
                "width": 1477,
                "height": 695
            },
            {
                "id": 18762628890776,
                "created_at": "2020-08-14T23:57:57-04:00",
                "position": 2,
                "updated_at": "2021-07-09T08:46:54-04:00",
                "product_id": 5529729728664,
                "variant_ids": [],
                "src": "https://cdn.shopify.com/s/files/1/0444/2112/0152/products/IMG_5025-2_f721a8e0-cb08-4ec1-a651-612cc990b017.jpg?v=1625834814",
                "width": 4400,
                "height": 3128
            },
            {
                "id": 18857919873176,
                "created_at": "2020-08-19T17:25:28-04:00",
                "position": 3,
                "updated_at": "2021-07-09T08:47:18-04:00",
                "product_id": 5529729728664,
                "variant_ids": [],
                "src": "https://cdn.shopify.com/s/files/1/0444/2112/0152/products/IMG_5029.jpg?v=1625834838",
                "width": 4400,
                "height": 3300
            },
            {
                "id": 18857921380504,
                "created_at": "2020-08-19T17:25:42-04:00",
                "position": 4,
                "updated_at": "2021-07-09T08:47:46-04:00",
                "product_id": 5529729728664,
                "variant_ids": [],
                "src": "https://cdn.shopify.com/s/files/1/0444/2112/0152/products/IMG_5030.jpg?v=1625834866",
                "width": 4400,
                "height": 3508
            },
            {
                "id": 21766233096344,
                "created_at": "2020-10-26T00:29:33-04:00",
                "position": 5,
                "updated_at": "2021-07-09T08:47:58-04:00",
                "product_id": 5529729728664,
                "variant_ids": [],
                "src": "https://cdn.shopify.com/s/files/1/0444/2112/0152/products/WesandRebecca_28350580-9d8e-4f08-b5a0-a1338d3f9427.jpg?v=1625834878",
                "width": 2049,
                "height": 1537
            },
            {
                "id": 21766245417112,
                "created_at": "2020-10-26T00:29:42-04:00",
                "position": 6,
                "updated_at": "2021-07-09T08:49:29-04:00",
                "product_id": 5529729728664,
                "variant_ids": [],
                "src": "https://cdn.shopify.com/s/files/1/0444/2112/0152/products/RebeccaandWes_b16efb92-b7c5-4f83-9d2c-04752fa86360.jpg?v=1625834969",
                "width": 2049,
                "height": 1537
            },
            {
                "id": 21766287720600,
                "created_at": "2020-10-26T00:30:07-04:00",
                "position": 7,
                "updated_at": "2021-07-09T08:52:18-04:00",
                "product_id": 5529729728664,
                "variant_ids": [],
                "src": "https://cdn.shopify.com/s/files/1/0444/2112/0152/products/HappyTogether_75982801-bd51-4d39-87b0-cd54957b31e6.jpg?v=1625835138",
                "width": 1402,
                "height": 589
            },
            {
                "id": 26131398819992,
                "created_at": "2021-02-17T12:20:37-05:00",
                "position": 8,
                "updated_at": "2021-07-09T08:52:28-04:00",
                "product_id": 5529729728664,
                "variant_ids": [],
                "src": "https://cdn.shopify.com/s/files/1/0444/2112/0152/products/IMG_3083.jpg?v=1625835148",
                "width": 4032,
                "height": 3024
            },
            {
                "id": 26131407503512,
                "created_at": "2021-02-17T12:21:26-05:00",
                "position": 9,
                "updated_at": "2021-07-09T08:52:39-04:00",
                "product_id": 5529729728664,
                "variant_ids": [],
                "src": "https://cdn.shopify.com/s/files/1/0444/2112/0152/products/IMG_E3081_b7d32c66-622f-44eb-a893-84bb612f93e5.jpg?v=1625835159",
                "width": 4028,
                "height": 1866
            },
            {
                "id": 26131413205144,
                "created_at": "2021-02-17T12:21:50-05:00",
                "position": 10,
                "updated_at": "2021-07-09T08:52:50-04:00",
                "product_id": 5529729728664,
                "variant_ids": [],
                "src": "https://cdn.shopify.com/s/files/1/0444/2112/0152/products/IMG_3092.jpg?v=1625835170",
                "width": 4032,
                "height": 3024
            }
        ],
        "options": [
            {
                "name": "Title",
                "position": 1,
                "values": [
                    "Default Title"
                ]
            }
        ],
        "content": "wedding / anniversary yard lawn signs celebrate love with a lawn yard sign let them know you are thinking of them. send them a smile to help them celebrate their anniversary. tell others your love story. \"just married, 25 years ago\".<br>  proposals, congratulations on your engagement, she said, yes? he said, yes? let me customize something special for your \"i do\" moment. celebrate your wedding or anniversary moments with a fun and creative yard lawn sign. outdoor yard signs for your special moments.  * please include preferred date as well as recipients name and address in the \"special instructions for seller\" section in your cart.*",
        "product_url": "https://celebratebytheyard.gift/products/anniversary-yard-lawn-signs",
        "agent_timestamp": "2024-07-22T01:57:42.142212+01:00",
        "base_target": "https://celebratebytheyard.gift"
    },
    {
        "id": 5529722323096,
        "title": "Baby Announcement Yard Signs",
        "handle": "baby-celebration-announcement-yard-signs",
        "body_html": "<h2 style=\"text-align: left;\">Baby Announcement Lawn Yard Signs</h2>\n<div style=\"text-align: center;\">Help them welcome their bundle of joy. Send them a smile along with your love.</div>\n<div style=\"text-align: center;\">Sign may be customized with babie's name. Weight and Date of birth are not offered in our displays.</div>\n<div style=\"text-align: center;\">Celebrate the arrival of your baby with our awesome baby announcement lawn, yard signs, customized to your color theme and style. </div>\n<div style=\"text-align: center;\"></div>\n<div style=\"text-align: center;\"></div>\n<div style=\"text-align: center;\">* Please include preferred date as well as recipients name and address in the \"Special Instructions for Seller\" section in your cart.*</div>",
        "published_at": "2020-07-23T16:16:15-04:00",
        "created_at": "2020-07-23T16:16:14-04:00",
        "updated_at": "2024-07-21T20:46:52-04:00",
        "vendor": "Celebrate By The Yard",
        "product_type": "",
        "tags": [],
        "variants": [
            {
                "id": 35408901767320,
                "title": "Default Title",
                "option1": "Default Title",
                "option2": null,
                "option3": null,
                "sku": "",
                "requires_shipping": false,
                "taxable": false,
                "featured_image": null,
                "available": true,
                "price": "125.00",
                "grams": 0,
                "compare_at_price": null,
                "position": 1,
                "product_id": 5529722323096,
                "created_at": "2020-07-23T16:16:14-04:00",
                "updated_at": "2024-07-21T20:46:52-04:00"
            }
        ],
        "images": [
            {
                "id": 21761507426456,
                "created_at": "2020-10-25T23:30:52-04:00",
                "position": 1,
                "updated_at": "2021-08-21T14:07:41-04:00",
                "product_id": 5529722323096,
                "variant_ids": [],
                "src": "https://cdn.shopify.com/s/files/1/0444/2112/0152/products/ahoyaboy.jpg?v=1629569261",
                "width": 3178,
                "height": 1423
            },
            {
                "id": 20854572089496,
                "created_at": "2020-10-12T12:33:40-04:00",
                "position": 2,
                "updated_at": "2021-08-21T14:07:41-04:00",
                "product_id": 5529722323096,
                "variant_ids": [],
                "src": "https://cdn.shopify.com/s/files/1/0444/2112/0152/products/heorshe.jpg?v=1629569261",
                "width": 3836,
                "height": 2263
            },
            {
                "id": 18666556129432,
                "created_at": "2020-08-11T00:34:01-04:00",
                "position": 3,
                "updated_at": "2021-08-21T14:07:41-04:00",
                "product_id": 5529722323096,
                "variant_ids": [],
                "src": "https://cdn.shopify.com/s/files/1/0444/2112/0152/products/IMG_1666.jpg?v=1629569261",
                "width": 4400,
                "height": 3300
            },
            {
                "id": 18666557997208,
                "created_at": "2020-08-11T00:34:14-04:00",
                "position": 4,
                "updated_at": "2021-08-21T14:07:41-04:00",
                "product_id": 5529722323096,
                "variant_ids": [],
                "src": "https://cdn.shopify.com/s/files/1/0444/2112/0152/products/IMG_4963.jpg?v=1629569261",
                "width": 4400,
                "height": 3128
            },
            {
                "id": 18666566287512,
                "created_at": "2020-08-11T00:34:51-04:00",
                "position": 5,
                "updated_at": "2021-08-21T14:07:41-04:00",
                "product_id": 5529722323096,
                "variant_ids": [],
                "src": "https://cdn.shopify.com/s/files/1/0444/2112/0152/products/IMG_4972.jpg?v=1629569261",
                "width": 4400,
                "height": 3100
            },
            {
                "id": 18666569826456,
                "created_at": "2020-08-11T00:35:15-04:00",
                "position": 6,
                "updated_at": "2021-08-21T14:07:41-04:00",
                "product_id": 5529722323096,
                "variant_ids": [],
                "src": "https://cdn.shopify.com/s/files/1/0444/2112/0152/products/IMG_4955.jpg?v=1629569261",
                "width": 4400,
                "height": 3143
            },
            {
                "id": 18666573922456,
                "created_at": "2020-08-11T00:35:32-04:00",
                "position": 7,
                "updated_at": "2021-08-21T14:07:41-04:00",
                "product_id": 5529722323096,
                "variant_ids": [],
                "src": "https://cdn.shopify.com/s/files/1/0444/2112/0152/products/IMG_4959.jpg?v=1629569261",
                "width": 4400,
                "height": 3143
            },
            {
                "id": 20854544498840,
                "created_at": "2020-10-12T12:33:05-04:00",
                "position": 8,
                "updated_at": "2021-08-21T14:07:41-04:00",
                "product_id": 5529722323096,
                "variant_ids": [],
                "src": "https://cdn.shopify.com/s/files/1/0444/2112/0152/products/showergirl.jpg?v=1629569261",
                "width": 3973,
                "height": 2017
            },
            {
                "id": 20854553378968,
                "created_at": "2020-10-12T12:33:15-04:00",
                "position": 9,
                "updated_at": "2021-08-21T14:07:41-04:00",
                "product_id": 5529722323096,
                "variant_ids": [],
                "src": "https://cdn.shopify.com/s/files/1/0444/2112/0152/products/boyshower.jpg?v=1629569261",
                "width": 3978,
                "height": 1854
            },
            {
                "id": 20854560751768,
                "created_at": "2020-10-12T12:33:27-04:00",
                "position": 10,
                "updated_at": "2021-08-21T14:07:41-04:00",
                "product_id": 5529722323096,
                "variant_ids": [],
                "src": "https://cdn.shopify.com/s/files/1/0444/2112/0152/products/welcomebaby.jpg?v=1629569261",
                "width": 3978,
                "height": 2091
            },
            {
                "id": 21761525743768,
                "created_at": "2020-10-25T23:31:06-04:00",
                "position": 11,
                "updated_at": "2021-08-21T14:07:41-04:00",
                "product_id": 5529722323096,
                "variant_ids": [],
                "src": "https://cdn.shopify.com/s/files/1/0444/2112/0152/products/sugarandspice.jpg?v=1629569261",
                "width": 3726,
                "height": 1454
            },
            {
                "id": 32292179673240,
                "created_at": "2021-08-21T14:07:13-04:00",
                "position": 12,
                "updated_at": "2021-08-21T14:07:41-04:00",
                "product_id": 5529722323096,
                "variant_ids": [],
                "src": "https://cdn.shopify.com/s/files/1/0444/2112/0152/products/colton_c1a47b89-2de9-44e0-a5de-b2d6c6bd9f7b.jpg?v=1629569261",
                "width": 973,
                "height": 344
            }
        ],
        "options": [
            {
                "name": "Title",
                "position": 1,
                "values": [
                    "Default Title"
                ]
            }
        ],
        "content": "baby announcement yard signs baby announcement lawn yard signs help them welcome their bundle of joy. send them a smile along with your love. sign may be customized with babie's name. weight and date of birth are not offered in our displays. celebrate the arrival of your baby with our awesome baby announcement lawn, yard signs, customized to your color theme and style.  * please include preferred date as well as recipients name and address in the \"special instructions for seller\" section in your cart.*",
        "product_url": "https://celebratebytheyard.gift/products/baby-celebration-announcement-yard-signs",
        "agent_timestamp": "2024-07-22T01:57:42.142976+01:00",
        "base_target": "https://celebratebytheyard.gift"
    },
    {
        "id": 5595190034584,
        "title": "Just Because....",
        "handle": "just-because-yard-greeting-card-party-parades",
        "body_html": "<div style=\"text-align: center;\">Party decorations,or saying I love you is easy with our displays. Our flower displays and Get wells will make them smile. Or flock them with our Flamingo package. Everyone loves Flamingos. Cheers to your new job or fun at a bar b que. Show them how much they mean to you. Order them a greeting card for their yard.<br>\n</div>\n<div style=\"text-align: center;\"></div>\n<div style=\"text-align: center;\"></div>\n<div style=\"text-align: center;\"></div>\n<div style=\"text-align: center;\"></div>\n<div style=\"text-align: center;\">* Please include preferred date as well as recipients name and address in the \"Special Instructions for Seller\" section in your cart.*</div>\n<p style=\"text-align: center;\"><br></p>",
        "published_at": "2020-08-04T18:32:04-04:00",
        "created_at": "2020-08-04T18:32:02-04:00",
        "updated_at": "2024-07-21T20:46:52-04:00",
        "vendor": "Celebrate By The Yard",
        "product_type": "",
        "tags": [],
        "variants": [
            {
                "id": 35617671184536,
                "title": "Default Title",
                "option1": "Default Title",
                "option2": null,
                "option3": null,
                "sku": "",
                "requires_shipping": false,
                "taxable": false,
                "featured_image": null,
                "available": true,
                "price": "125.00",
                "grams": 0,
                "compare_at_price": null,
                "position": 1,
                "product_id": 5595190034584,
                "created_at": "2020-08-04T18:32:03-04:00",
                "updated_at": "2024-07-21T20:46:52-04:00"
            }
        ],
        "images": [
            {
                "id": 18857981083800,
                "created_at": "2020-08-19T17:31:56-04:00",
                "position": 1,
                "updated_at": "2021-08-21T14:10:04-04:00",
                "product_id": 5595190034584,
                "variant_ids": [],
                "src": "https://cdn.shopify.com/s/files/1/0444/2112/0152/products/IMG_5027.jpg?v=1629569404",
                "width": 4400,
                "height": 2933
            },
            {
                "id": 19281867014296,
                "created_at": "2020-09-08T14:06:28-04:00",
                "position": 2,
                "updated_at": "2021-08-21T14:10:14-04:00",
                "product_id": 5595190034584,
                "variant_ids": [],
                "src": "https://cdn.shopify.com/s/files/1/0444/2112/0152/products/HappyTogether.jpg?v=1629569414",
                "width": 1402,
                "height": 589
            },
            {
                "id": 32292216799384,
                "created_at": "2021-08-21T14:08:57-04:00",
                "position": 3,
                "updated_at": "2021-08-21T14:10:14-04:00",
                "product_id": 5595190034584,
                "variant_ids": [],
                "src": "https://cdn.shopify.com/s/files/1/0444/2112/0152/products/Paradise_c38feabd-cc0d-45b3-a2ed-34a063cc8fb7.jpg?v=1629569414",
                "width": 3983,
                "height": 1391
            },
            {
                "id": 32292226760856,
                "created_at": "2021-08-21T14:09:11-04:00",
                "position": 4,
                "updated_at": "2021-08-21T14:10:14-04:00",
                "product_id": 5595190034584,
                "variant_ids": [],
                "src": "https://cdn.shopify.com/s/files/1/0444/2112/0152/products/Sparkle.jpg?v=1629569414",
                "width": 578,
                "height": 190
            },
            {
                "id": 21764912185496,
                "created_at": "2020-10-26T00:15:14-04:00",
                "position": 5,
                "updated_at": "2021-08-21T14:10:14-04:00",
                "product_id": 5595190034584,
                "variant_ids": [],
                "src": "https://cdn.shopify.com/s/files/1/0444/2112/0152/products/Peacelovehope_47d58e91-33c8-46e0-a805-571630ab2faa.jpg?v=1629569414",
                "width": 1955,
                "height": 813
            },
            {
                "id": 18858050551960,
                "created_at": "2020-08-19T17:38:46-04:00",
                "position": 6,
                "updated_at": "2021-08-21T14:10:14-04:00",
                "product_id": 5595190034584,
                "variant_ids": [],
                "src": "https://cdn.shopify.com/s/files/1/0444/2112/0152/products/IMG_5053.jpg?v=1629569414",
                "width": 4400,
                "height": 3128
            },
            {
                "id": 18788927701144,
                "created_at": "2020-08-16T14:31:23-04:00",
                "position": 7,
                "updated_at": "2021-08-21T14:10:14-04:00",
                "product_id": 5595190034584,
                "variant_ids": [],
                "src": "https://cdn.shopify.com/s/files/1/0444/2112/0152/products/IMG_4976.jpg?v=1629569414",
                "width": 2100,
                "height": 1500
            },
            {
                "id": 18858035773592,
                "created_at": "2020-08-19T17:37:00-04:00",
                "position": 8,
                "updated_at": "2021-08-21T14:10:14-04:00",
                "product_id": 5595190034584,
                "variant_ids": [],
                "src": "https://cdn.shopify.com/s/files/1/0444/2112/0152/products/IMG_5048.jpg?v=1629569414",
                "width": 4400,
                "height": 2933
            },
            {
                "id": 18858047045784,
                "created_at": "2020-08-19T17:38:14-04:00",
                "position": 9,
                "updated_at": "2021-08-21T14:10:14-04:00",
                "product_id": 5595190034584,
                "variant_ids": [],
                "src": "https://cdn.shopify.com/s/files/1/0444/2112/0152/products/IMG_5052.jpg?v=1629569414",
                "width": 5184,
                "height": 3456
            },
            {
                "id": 19281871700120,
                "created_at": "2020-09-08T14:06:39-04:00",
                "position": 10,
                "updated_at": "2021-08-21T14:10:14-04:00",
                "product_id": 5595190034584,
                "variant_ids": [],
                "src": "https://cdn.shopify.com/s/files/1/0444/2112/0152/products/Peacelovehope.jpg?v=1629569414",
                "width": 1955,
                "height": 813
            }
        ],
        "options": [
            {
                "name": "Title",
                "position": 1,
                "values": [
                    "Default Title"
                ]
            }
        ],
        "content": "just because.... party decorations,or saying i love you is easy with our displays. our flower displays and get wells will make them smile. or flock them with our flamingo package. everyone loves flamingos. cheers to your new job or fun at a bar b que. show them how much they mean to you. order them a greeting card for their yard.<br>  * please include preferred date as well as recipients name and address in the \"special instructions for seller\" section in your cart.* ",
        "product_url": "https://celebratebytheyard.gift/products/just-because-yard-greeting-card-party-parades",
        "agent_timestamp": "2024-07-22T01:57:42.143669+01:00",
        "base_target": "https://celebratebytheyard.gift"
    }
]